"id","title","description","availability","condition","price","link","image_link","brand"
"86ca51f6-22e6-41be-9e22-952fdd8a0f01","Chandni Silk Mills Design #1","Chandni Silk Mills textile design EBD23135-6B44-4E7D-93B7-46EDBDE4D6ED. Contact us for fabric details, availability and wholesale orders.","available for order","new","125 INR","https://chandni-catalog.pages.dev/share?id=86ca51f6-22e6-41be-9e22-952fdd8a0f01","https://chandni-catalog.pages.dev/api/designs?img=designs%2Foriginal%2F86ca51f6-22e6-41be-9e22-952fdd8a0f01.jpg","Chandni Silk Mills"
"9f30561c-e52f-467b-addc-9e3fd2cd49c0","Chandni Silk Mills Design #2","Chandni Silk Mills textile design A3996A83-4621-4961-A468-2728D793991E. Contact us for fabric details, availability and wholesale orders.","available for order","new","110 INR","https://chandni-catalog.pages.dev/share?id=9f30561c-e52f-467b-addc-9e3fd2cd49c0","https://chandni-catalog.pages.dev/api/designs?img=designs%2Foriginal%2F9f30561c-e52f-467b-addc-9e3fd2cd49c0.jpg","Chandni Silk Mills"
"4bfe3879-dbcb-4c0f-ad70-438771c41fa6","Chandni Silk Mills Design #3","Chandni Silk Mills textile design 722555C6-5B68-4CE8-9527-2C4A269FB139. Contact us for fabric details, availability and wholesale orders.","available for order","new","125 INR","https://chandni-catalog.pages.dev/share?id=4bfe3879-dbcb-4c0f-ad70-438771c41fa6","https://chandni-catalog.pages.dev/api/designs?img=designs%2Foriginal%2F4bfe3879-dbcb-4c0f-ad70-438771c41fa6.jpg","Chandni Silk Mills"
"511c3a66-eac8-44a6-9b20-e98524da8992","Chandni Silk Mills Design #4","Chandni Silk Mills textile design 694CDBDE-E2FC-445D-9952-D52F2087700A. Contact us for fabric details, availability and wholesale orders.","available for order","new","110 INR","https://chandni-catalog.pages.dev/share?id=511c3a66-eac8-44a6-9b20-e98524da8992","https://chandni-catalog.pages.dev/api/designs?img=designs%2Foriginal%2F511c3a66-eac8-44a6-9b20-e98524da8992.jpg","Chandni Silk Mills"
"d9f6fe3d-a5c3-41df-b52d-910d1e89c1ec","Chandni Silk Mills Design #5","Chandni Silk Mills textile design E5290D47-EA5B-47F3-8EE0-74CF48CD0EE3. Contact us for fabric details, availability and wholesale orders.","available for order","new","125 INR","https://chandni-catalog.pages.dev/share?id=d9f6fe3d-a5c3-41df-b52d-910d1e89c1ec","https://chandni-catalog.pages.dev/api/designs?img=designs%2Foriginal%2Fd9f6fe3d-a5c3-41df-b52d-910d1e89c1ec.jpg","Chandni Silk Mills"
"f38db4b2-d249-4809-8bbf-c4f1b6fdc1c8","Chandni Silk Mills Design #6","Chandni Silk Mills textile design IMG_1897. Contact us for fabric details, availability and wholesale orders.","available for order","new","115 INR","https://chandni-catalog.pages.dev/share?id=f38db4b2-d249-4809-8bbf-c4f1b6fdc1c8","https://chandni-catalog.pages.dev/api/designs?img=designs%2Foriginal%2Ff38db4b2-d249-4809-8bbf-c4f1b6fdc1c8.jpg","Chandni Silk Mills"
"3a69933b-3be5-4e83-a45b-299a446722bb","Chandni Silk Mills Design #7","Chandni Silk Mills textile design IMG_1899. Contact us for fabric details, availability and wholesale orders.","available for order","new","115 INR","https://chandni-catalog.pages.dev/share?id=3a69933b-3be5-4e83-a45b-299a446722bb","https://chandni-catalog.pages.dev/api/designs?img=designs%2Foriginal%2F3a69933b-3be5-4e83-a45b-299a446722bb.jpg","Chandni Silk Mills"
"824d67c0-68b4-42f7-906b-074c5e8c07cb","Chandni Silk Mills Design #8","Chandni Silk Mills textile design IMG_1835. Contact us for fabric details, availability and wholesale orders.","available for order","new","85 INR","https://chandni-catalog.pages.dev/share?id=824d67c0-68b4-42f7-906b-074c5e8c07cb","https://chandni-catalog.pages.dev/api/designs?img=designs%2Foriginal%2F824d67c0-68b4-42f7-906b-074c5e8c07cb.jpg","Chandni Silk Mills"
"92eea7d7-a9a1-4852-b52a-ccb9ea6740a8","Chandni Silk Mills Design #9","Chandni Silk Mills textile design IMG_1819. Contact us for fabric details, availability and wholesale orders.","available for order","new","115 INR","https://chandni-catalog.pages.dev/share?id=92eea7d7-a9a1-4852-b52a-ccb9ea6740a8","https://chandni-catalog.pages.dev/api/designs?img=designs%2Foriginal%2F92eea7d7-a9a1-4852-b52a-ccb9ea6740a8.jpg","Chandni Silk Mills"
"819d3441-207b-4355-8c0a-c6d3dc743341","Chandni Silk Mills Design #15","Chandni Silk Mills textile design 819d3441-207b-4355-8c0a-c6d3dc743341.jpg. Contact us for fabric details, availability and wholesale orders.","available for order","new","85 INR","https://chandni-catalog.pages.dev/share?id=819d3441-207b-4355-8c0a-c6d3dc743341","https://chandni-catalog.pages.dev/api/designs?img=designs%2Foriginal%2F819d3441-207b-4355-8c0a-c6d3dc743341.jpg","Chandni Silk Mills"
"f8a3ba95-582f-4ada-b792-b7c18aea2f64","Chandni Silk Mills Design #21","Chandni Silk Mills textile design f8a3ba95-582f-4ada-b792-b7c18aea2f64.jpg. Contact us for fabric details, availability and wholesale orders.","available for order","new","140 INR","https://chandni-catalog.pages.dev/share?id=f8a3ba95-582f-4ada-b792-b7c18aea2f64","https://chandni-catalog.pages.dev/api/designs?img=designs%2Foriginal%2Ff8a3ba95-582f-4ada-b792-b7c18aea2f64.jpg","Chandni Silk Mills"
"f5205103-876c-4abf-b2cb-1ccfd61bf2ac","Chandni Silk Mills Design #22","Chandni Silk Mills textile design f5205103-876c-4abf-b2cb-1ccfd61bf2ac.jpg. Contact us for fabric details, availability and wholesale orders.","available for order","new","150 INR","https://chandni-catalog.pages.dev/share?id=f5205103-876c-4abf-b2cb-1ccfd61bf2ac","https://chandni-catalog.pages.dev/api/designs?img=designs%2Foriginal%2Ff5205103-876c-4abf-b2cb-1ccfd61bf2ac.jpg","Chandni Silk Mills"
"f2c44321-1dd9-4840-a795-31053617549c","Chandni Silk Mills Design #23","Chandni Silk Mills textile design f2c44321-1dd9-4840-a795-31053617549c.jpg. Contact us for fabric details, availability and wholesale orders.","available for order","new","65 INR","https://chandni-catalog.pages.dev/share?id=f2c44321-1dd9-4840-a795-31053617549c","https://chandni-catalog.pages.dev/api/designs?img=designs%2Foriginal%2Ff2c44321-1dd9-4840-a795-31053617549c.jpg","Chandni Silk Mills"
"d905329f-89f2-4c1c-b9d6-e7efe61b35c1","Chandni Silk Mills Design #25","Chandni Silk Mills textile design d905329f-89f2-4c1c-b9d6-e7efe61b35c1.jpg. Contact us for fabric details, availability and wholesale orders.","available for order","new","115 INR","https://chandni-catalog.pages.dev/share?id=d905329f-89f2-4c1c-b9d6-e7efe61b35c1","https://chandni-catalog.pages.dev/api/designs?img=designs%2Foriginal%2Fd905329f-89f2-4c1c-b9d6-e7efe61b35c1.jpg","Chandni Silk Mills"
"cb75ec62-09c7-4037-a1bf-6fefce805a05","Chandni Silk Mills Design #26","Chandni Silk Mills textile design cb75ec62-09c7-4037-a1bf-6fefce805a05.jpg. Contact us for fabric details, availability and wholesale orders.","available for order","new","115 INR","https://chandni-catalog.pages.dev/share?id=cb75ec62-09c7-4037-a1bf-6fefce805a05","https://chandni-catalog.pages.dev/api/designs?img=designs%2Foriginal%2Fcb75ec62-09c7-4037-a1bf-6fefce805a05.jpg","Chandni Silk Mills"
"b2a3d5a3-a723-4d1d-b414-c8d26d26cb68","Chandni Silk Mills Design #28","Chandni Silk Mills textile design b2a3d5a3-a723-4d1d-b414-c8d26d26cb68.jpg. Contact us for fabric details, availability and wholesale orders.","available for order","new","115 INR","https://chandni-catalog.pages.dev/share?id=b2a3d5a3-a723-4d1d-b414-c8d26d26cb68","https://chandni-catalog.pages.dev/api/designs?img=designs%2Foriginal%2Fb2a3d5a3-a723-4d1d-b414-c8d26d26cb68.jpg","Chandni Silk Mills"
"ad28dc9e-1a1e-459a-aba0-3041b351db0a","Chandni Silk Mills Design #29","Chandni Silk Mills textile design ad28dc9e-1a1e-459a-aba0-3041b351db0a.jpg. Contact us for fabric details, availability and wholesale orders.","available for order","new","150 INR","https://chandni-catalog.pages.dev/share?id=ad28dc9e-1a1e-459a-aba0-3041b351db0a","https://chandni-catalog.pages.dev/api/designs?img=designs%2Foriginal%2Fad28dc9e-1a1e-459a-aba0-3041b351db0a.jpg","Chandni Silk Mills"
"a636219e-38e3-4a94-ada7-3a70436e60e5","Chandni Silk Mills Design #30","Chandni Silk Mills textile design a636219e-38e3-4a94-ada7-3a70436e60e5.jpg. Contact us for fabric details, availability and wholesale orders.","available for order","new","140 INR","https://chandni-catalog.pages.dev/share?id=a636219e-38e3-4a94-ada7-3a70436e60e5","https://chandni-catalog.pages.dev/api/designs?img=designs%2Foriginal%2Fa636219e-38e3-4a94-ada7-3a70436e60e5.jpg","Chandni Silk Mills"
"9e83b0cd-ed4e-489c-8874-dcca7b75083b","Chandni Silk Mills Design #31","Chandni Silk Mills textile design 9e83b0cd-ed4e-489c-8874-dcca7b75083b.jpg. Contact us for fabric details, availability and wholesale orders.","available for order","new","155 INR","https://chandni-catalog.pages.dev/share?id=9e83b0cd-ed4e-489c-8874-dcca7b75083b","https://chandni-catalog.pages.dev/api/designs?img=designs%2Foriginal%2F9e83b0cd-ed4e-489c-8874-dcca7b75083b.jpg","Chandni Silk Mills"
"9b5482fe-3b1a-44d7-b406-b10d62c65255","Chandni Silk Mills Design #32","Chandni Silk Mills textile design 9b5482fe-3b1a-44d7-b406-b10d62c65255.jpg. Contact us for fabric details, availability and wholesale orders.","available for order","new","140 INR","https://chandni-catalog.pages.dev/share?id=9b5482fe-3b1a-44d7-b406-b10d62c65255","https://chandni-catalog.pages.dev/api/designs?img=designs%2Foriginal%2F9b5482fe-3b1a-44d7-b406-b10d62c65255.jpg","Chandni Silk Mills"
"9685e7b4-71eb-4d10-9c0f-d70e68fec742","Chandni Silk Mills Design #33","Chandni Silk Mills textile design 9685e7b4-71eb-4d10-9c0f-d70e68fec742.jpg. Contact us for fabric details, availability and wholesale orders.","available for order","new","75 INR","https://chandni-catalog.pages.dev/share?id=9685e7b4-71eb-4d10-9c0f-d70e68fec742","https://chandni-catalog.pages.dev/api/designs?img=designs%2Foriginal%2F9685e7b4-71eb-4d10-9c0f-d70e68fec742.jpg","Chandni Silk Mills"
"91c35933-1929-4d2a-ab2b-c621546de9bc","Chandni Silk Mills Design #34","Chandni Silk Mills textile design 91c35933-1929-4d2a-ab2b-c621546de9bc.jpg. Contact us for fabric details, availability and wholesale orders.","available for order","new","115 INR","https://chandni-catalog.pages.dev/share?id=91c35933-1929-4d2a-ab2b-c621546de9bc","https://chandni-catalog.pages.dev/api/designs?img=designs%2Foriginal%2F91c35933-1929-4d2a-ab2b-c621546de9bc.jpg","Chandni Silk Mills"
"84d1c227-bfe4-4957-8bc5-4c0c4545b705","Chandni Silk Mills Design #36","Chandni Silk Mills textile design 84d1c227-bfe4-4957-8bc5-4c0c4545b705.jpg. Contact us for fabric details, availability and wholesale orders.","available for order","new","150 INR","https://chandni-catalog.pages.dev/share?id=84d1c227-bfe4-4957-8bc5-4c0c4545b705","https://chandni-catalog.pages.dev/api/designs?img=designs%2Foriginal%2F84d1c227-bfe4-4957-8bc5-4c0c4545b705.jpg","Chandni Silk Mills"
"778bdcdf-4164-4bb2-8473-ae023ffba059","Chandni Silk Mills Design #39","Chandni Silk Mills textile design 778bdcdf-4164-4bb2-8473-ae023ffba059.jpg. Contact us for fabric details, availability and wholesale orders.","available for order","new","85 INR","https://chandni-catalog.pages.dev/share?id=778bdcdf-4164-4bb2-8473-ae023ffba059","https://chandni-catalog.pages.dev/api/designs?img=designs%2Foriginal%2F778bdcdf-4164-4bb2-8473-ae023ffba059.jpg","Chandni Silk Mills"
"742cd8c1-cbda-48c3-a733-3cb6995107ea","Chandni Silk Mills Design #41","Chandni Silk Mills textile design 742cd8c1-cbda-48c3-a733-3cb6995107ea.jpg. Contact us for fabric details, availability and wholesale orders.","available for order","new","140 INR","https://chandni-catalog.pages.dev/share?id=742cd8c1-cbda-48c3-a733-3cb6995107ea","https://chandni-catalog.pages.dev/api/designs?img=designs%2Foriginal%2F742cd8c1-cbda-48c3-a733-3cb6995107ea.jpg","Chandni Silk Mills"
"68774310-895f-4389-9d8f-d2fc428ff69f","Chandni Silk Mills Design #44","Chandni Silk Mills textile design 68774310-895f-4389-9d8f-d2fc428ff69f.jpg. Contact us for fabric details, availability and wholesale orders.","available for order","new","115 INR","https://chandni-catalog.pages.dev/share?id=68774310-895f-4389-9d8f-d2fc428ff69f","https://chandni-catalog.pages.dev/api/designs?img=designs%2Foriginal%2F68774310-895f-4389-9d8f-d2fc428ff69f.jpg","Chandni Silk Mills"
"580797ed-efff-467f-acaa-5ce3898e4cb5","Chandni Silk Mills Design #45","Chandni Silk Mills textile design 580797ed-efff-467f-acaa-5ce3898e4cb5.jpg. Contact us for fabric details, availability and wholesale orders.","available for order","new","155 INR","https://chandni-catalog.pages.dev/share?id=580797ed-efff-467f-acaa-5ce3898e4cb5","https://chandni-catalog.pages.dev/api/designs?img=designs%2Foriginal%2F580797ed-efff-467f-acaa-5ce3898e4cb5.jpg","Chandni Silk Mills"
"4fa24c3e-68fb-43e0-a156-eb5f0b549cc5","Chandni Silk Mills Design #46","Chandni Silk Mills textile design 4fa24c3e-68fb-43e0-a156-eb5f0b549cc5.jpg. Contact us for fabric details, availability and wholesale orders.","available for order","new","150 INR","https://chandni-catalog.pages.dev/share?id=4fa24c3e-68fb-43e0-a156-eb5f0b549cc5","https://chandni-catalog.pages.dev/api/designs?img=designs%2Foriginal%2F4fa24c3e-68fb-43e0-a156-eb5f0b549cc5.jpg","Chandni Silk Mills"
"43b0fe45-d784-4753-80e0-82abe1d5d885","Chandni Silk Mills Design #47","Chandni Silk Mills textile design 43b0fe45-d784-4753-80e0-82abe1d5d885.jpg. Contact us for fabric details, availability and wholesale orders.","available for order","new","140 INR","https://chandni-catalog.pages.dev/share?id=43b0fe45-d784-4753-80e0-82abe1d5d885","https://chandni-catalog.pages.dev/api/designs?img=designs%2Foriginal%2F43b0fe45-d784-4753-80e0-82abe1d5d885.jpg","Chandni Silk Mills"
"3acbe829-cb9d-4692-b173-59426f4a8666","Chandni Silk Mills Design #48","Chandni Silk Mills textile design 3acbe829-cb9d-4692-b173-59426f4a8666.jpg. Contact us for fabric details, availability and wholesale orders.","available for order","new","150 INR","https://chandni-catalog.pages.dev/share?id=3acbe829-cb9d-4692-b173-59426f4a8666","https://chandni-catalog.pages.dev/api/designs?img=designs%2Foriginal%2F3acbe829-cb9d-4692-b173-59426f4a8666.jpg","Chandni Silk Mills"
"3882a688-0d65-4576-b2ff-725c4ab597d2","Chandni Silk Mills Design #49","Chandni Silk Mills textile design 3882a688-0d65-4576-b2ff-725c4ab597d2.jpg. Contact us for fabric details, availability and wholesale orders.","available for order","new","150 INR","https://chandni-catalog.pages.dev/share?id=3882a688-0d65-4576-b2ff-725c4ab597d2","https://chandni-catalog.pages.dev/api/designs?img=designs%2Foriginal%2F3882a688-0d65-4576-b2ff-725c4ab597d2.jpg","Chandni Silk Mills"
"33ee0953-355d-4f6e-bcf3-7da1a483ca4c","Chandni Silk Mills Design #50","Chandni Silk Mills textile design 33ee0953-355d-4f6e-bcf3-7da1a483ca4c.jpg. Contact us for fabric details, availability and wholesale orders.","available for order","new","115 INR","https://chandni-catalog.pages.dev/share?id=33ee0953-355d-4f6e-bcf3-7da1a483ca4c","https://chandni-catalog.pages.dev/api/designs?img=designs%2Foriginal%2F33ee0953-355d-4f6e-bcf3-7da1a483ca4c.jpg","Chandni Silk Mills"
"2558f53b-7ac6-4b14-9922-656f8abd2d7d","Chandni Silk Mills Design #52","Chandni Silk Mills textile design 2558f53b-7ac6-4b14-9922-656f8abd2d7d.jpg. Contact us for fabric details, availability and wholesale orders.","available for order","new","155 INR","https://chandni-catalog.pages.dev/share?id=2558f53b-7ac6-4b14-9922-656f8abd2d7d","https://chandni-catalog.pages.dev/api/designs?img=designs%2Foriginal%2F2558f53b-7ac6-4b14-9922-656f8abd2d7d.jpg","Chandni Silk Mills"
"0e13170a-6da3-4e2b-82d6-679b146e0975","Chandni Silk Mills Design #53","Chandni Silk Mills textile design 0e13170a-6da3-4e2b-82d6-679b146e0975.jpg. Contact us for fabric details, availability and wholesale orders.","available for order","new","115 INR","https://chandni-catalog.pages.dev/share?id=0e13170a-6da3-4e2b-82d6-679b146e0975","https://chandni-catalog.pages.dev/api/designs?img=designs%2Foriginal%2F0e13170a-6da3-4e2b-82d6-679b146e0975.jpg","Chandni Silk Mills"
"0654584a-8f7a-4fc8-b625-cfefcefe5a62","Chandni Silk Mills Design #54","Chandni Silk Mills textile design 0654584a-8f7a-4fc8-b625-cfefcefe5a62.jpg. Contact us for fabric details, availability and wholesale orders.","available for order","new","85 INR","https://chandni-catalog.pages.dev/share?id=0654584a-8f7a-4fc8-b625-cfefcefe5a62","https://chandni-catalog.pages.dev/api/designs?img=designs%2Foriginal%2F0654584a-8f7a-4fc8-b625-cfefcefe5a62.jpg","Chandni Silk Mills"
"03802cfb-7199-4a28-9553-adb938b57daa","Chandni Silk Mills Design #55","Chandni Silk Mills textile design 03802cfb-7199-4a28-9553-adb938b57daa.jpg. Contact us for fabric details, availability and wholesale orders.","available for order","new","160 INR","https://chandni-catalog.pages.dev/share?id=03802cfb-7199-4a28-9553-adb938b57daa","https://chandni-catalog.pages.dev/api/designs?img=designs%2Foriginal%2F03802cfb-7199-4a28-9553-adb938b57daa.jpg","Chandni Silk Mills"
